response,predictor,n,spearman_rho,p_value
front_loaded_fraction,mean_maximum_temperature_c,237235,-0.02820002398849625,6.0128516753419205e-43
front_loaded_fraction,mean_minimum_temperature_c,237235,-0.026828282040544684,4.920424521125995e-39
front_loaded_fraction,mean_vpd_kpa,237235,-0.0462762273513797,1.2945722413265387e-112
front_loaded_fraction,mean_wind_speed_m_s,237235,-0.04937257209790056,6.201158903876101e-128
front_loaded_fraction,max_vpd_kpa,237235,-0.24995513965034147,0.0
front_loaded_fraction,mean_precipitation_mm,237235,-0.26139147876710667,0.0
front_loaded_fraction,mean_maximum_relative_humidity_pct,237235,0.05232939228578688,1.7216659126548136e-143
front_loaded_fraction,mean_minimum_relative_humidity_pct,237235,-0.006169249136556217,0.002657073995795908
front_loaded_fraction,mean_specific_humidity_kg_kg,237235,-0.03780515401737414,9.053724349696952e-76
front_loaded_fraction,mean_fuel_moisture_100hr_pct,237235,0.013934223949700895,1.1432677074377218e-11
front_loaded_fraction,mean_fuel_moisture_1000hr_pct,237235,0.006171448770242951,0.0026477299485320903
front_loaded_fraction,mean_energy_release_component,237235,-0.008848727335303437,1.632608675432688e-05
front_loaded_fraction,mean_burning_index,237235,0.03417202165115867,3.0839972431000434e-62
front_loaded_fraction,mean_reference_evapotranspiration_mm,237235,-0.04270938112966057,3.3876123749498926e-96
front_loaded_fraction,mean_potential_evapotranspiration_mm,237235,-0.03945670378536575,2.265635925657552e-82
front_loaded_fraction,mean_solar_radiation_w_m2,237235,-0.015241418250774717,1.1363905117907112e-13
front_loaded_fraction,mean_maximum_temperature_region_month_anomaly_c,237235,-0.03684876661488007,4.477718648756688e-72
front_loaded_fraction,mean_minimum_temperature_region_month_anomaly_c,237235,-0.03691663180011981,2.466178199951647e-72
front_loaded_fraction,mean_vpd_region_month_anomaly_kpa,237235,-0.05374584497290121,2.900448606350884e-151
front_loaded_fraction,mean_wind_region_month_anomaly_m_s,237235,-0.03378337626384895,7.180334800488128e-61
front_loaded_fraction,mean_precipitation_mm_region_month_anomaly,237235,-0.2610758770093023,0.0
front_loaded_fraction,mean_fuel_moisture_1000hr_pct_region_month_anomaly,237235,0.026185119260362714,2.8847220780867667e-37
front_loaded_fraction,mean_energy_release_component_region_month_anomaly,237235,-0.021447868861594905,1.501026781464716e-25
front_loaded_fraction,mean_burning_index_region_month_anomaly,237235,0.048896687981528325,1.6276411747447763e-125
front_loaded_fraction,hot_day_fraction,237235,-0.08263679158730611,0.0
front_loaded_fraction,high_vpd_day_fraction,237235,-0.09234287872878161,0.0
front_loaded_fraction,windy_day_fraction,237235,-0.1841982099883264,0.0
front_loaded_fraction,wet_day_fraction,237235,-0.18824370539000468,0.0
front_loaded_fraction,dry_1000hr_fuel_day_fraction,237235,-0.02318281151710646,1.4200819053513172e-29
front_loaded_fraction,high_erc_day_fraction,237235,-0.04272430290878808,2.910387445042813e-96
front_loaded_fraction,maximum_temperature_c_early_mean,105735,-0.018379741958462054,2.273401067360817e-09
front_loaded_fraction,maximum_temperature_c_middle_mean,195340,-0.04573618861782875,5.946210192376726e-91
front_loaded_fraction,maximum_temperature_c_late_mean,105735,-0.0032026327482501307,0.2976955814877574
front_loaded_fraction,minimum_temperature_c_early_mean,105735,-0.0481557734715501,2.5160471985712907e-55
front_loaded_fraction,minimum_temperature_c_middle_mean,195340,-0.042059625588099996,3.3776102870076676e-77
front_loaded_fraction,minimum_temperature_c_late_mean,105735,-0.030695387458963257,1.8013282622436413e-23
front_loaded_fraction,vpd_kpa_early_mean,105735,0.021602437974730312,2.13784544819418e-12
front_loaded_fraction,vpd_kpa_middle_mean,195340,-0.04087217921068584,5.312301853745832e-73
front_loaded_fraction,vpd_kpa_late_mean,105735,0.030681111621072784,1.8876750545677117e-23
front_loaded_fraction,wind_speed_m_s_early_mean,105735,0.019289296748414057,3.546251946613785e-10
front_loaded_fraction,wind_speed_m_s_middle_mean,195340,-0.02133168746317429,4.138626297350817e-21
front_loaded_fraction,wind_speed_m_s_late_mean,105735,0.003592822775911981,0.2426998004011119
front_loaded_fraction,fuel_moisture_1000hr_pct_early_mean,105735,-0.07268741919052428,7.937967611026212e-124
front_loaded_fraction,fuel_moisture_1000hr_pct_middle_mean,195340,0.012158028419413868,7.71445735502688e-08
front_loaded_fraction,fuel_moisture_1000hr_pct_late_mean,105735,-0.06648751898940786,7.015594184030915e-104
front_loaded_fraction,energy_release_component_early_mean,105735,0.08042310583847072,3.1729975755051316e-151
front_loaded_fraction,energy_release_component_middle_mean,195340,-0.011635600487527901,2.7073041617439653e-07
front_loaded_fraction,energy_release_component_late_mean,105735,0.07351929542917045,1.222630429145632e-126
front_loaded_fraction,precipitation_mm_early_mean,105735,-0.09451171081139352,2.5491232981965473e-208
front_loaded_fraction,precipitation_mm_middle_mean,195340,-0.058317998629730625,9.640686079066662e-147
front_loaded_fraction,precipitation_mm_late_mean,105735,-0.06581974896714964,7.724109896561073e-102
late_growth_fraction,mean_maximum_temperature_c,237235,0.02090628016682005,2.3414939231774603e-24
late_growth_fraction,mean_minimum_temperature_c,237235,0.016293315609068663,2.080776121227966e-15
late_growth_fraction,mean_vpd_kpa,237235,0.03923486826951425,1.8125375311599316e-81
late_growth_fraction,mean_wind_speed_m_s,237235,0.04576467708100442,3.528319193558188e-110
late_growth_fraction,max_vpd_kpa,237235,0.21448081992721563,0.0
late_growth_fraction,mean_precipitation_mm,237235,0.21149700459970222,0.0
late_growth_fraction,mean_maximum_relative_humidity_pct,237235,-0.05059412858303659,2.988445815901969e-134
late_growth_fraction,mean_minimum_relative_humidity_pct,237235,0.0006417226554541499,0.7546143641345142
late_growth_fraction,mean_specific_humidity_kg_kg,237235,0.02654180478885859,3.0534720749984855e-38
late_growth_fraction,mean_fuel_moisture_100hr_pct,237235,-0.015305944988609233,8.957541078898509e-14
late_growth_fraction,mean_fuel_moisture_1000hr_pct,237235,-0.008015326056355895,9.459660770750731e-05
late_growth_fraction,mean_energy_release_component,237235,0.01105230367132189,7.310941402176135e-08
late_growth_fraction,mean_burning_index,237235,-0.029629005122023978,3.1425205712652384e-47
late_growth_fraction,mean_reference_evapotranspiration_mm,237235,0.03812053180111137,5.223133955644305e-77
late_growth_fraction,mean_potential_evapotranspiration_mm,237235,0.03460168541471862,9.113646700293675e-64
late_growth_fraction,mean_solar_radiation_w_m2,237235,0.013251669948485353,1.084259445070047e-10
late_growth_fraction,mean_maximum_temperature_region_month_anomaly_c,237235,0.03286980234420785,1.0193000408113008e-57
late_growth_fraction,mean_minimum_temperature_region_month_anomaly_c,237235,0.03028305596014684,2.9339077629644388e-49
late_growth_fraction,mean_vpd_region_month_anomaly_kpa,237235,0.04720674256865477,4.098196762432084e-117
late_growth_fraction,mean_wind_region_month_anomaly_m_s,237235,0.029350843241525957,2.224412934830836e-46
late_growth_fraction,mean_precipitation_mm_region_month_anomaly,237235,0.21122755497467569,0.0
late_growth_fraction,mean_fuel_moisture_1000hr_pct_region_month_anomaly,237235,-0.020495843048433052,1.793501740083796e-23
late_growth_fraction,mean_energy_release_component_region_month_anomaly,237235,0.017067795847378164,9.273629855285016e-17
late_growth_fraction,mean_burning_index_region_month_anomaly,237235,-0.04465601366653267,5.406059885086729e-105
late_growth_fraction,hot_day_fraction,237235,0.06889438947856011,1.92036213424855e-247
late_growth_fraction,high_vpd_day_fraction,237235,0.07616838534667134,3.9290104675210893e-302
late_growth_fraction,windy_day_fraction,237235,0.15161566707429577,0.0
late_growth_fraction,wet_day_fraction,237235,0.15385372387393687,0.0
late_growth_fraction,dry_1000hr_fuel_day_fraction,237235,0.014638645764697722,1.0010907455481274e-12
late_growth_fraction,high_erc_day_fraction,237235,0.03209685973943038,4.056153683681178e-55
late_growth_fraction,maximum_temperature_c_early_mean,105735,-0.01881101181684753,9.52157096168987e-10
late_growth_fraction,maximum_temperature_c_middle_mean,195340,0.0449238466268608,8.171626010897305e-88
late_growth_fraction,maximum_temperature_c_late_mean,105735,-0.019995199016758433,7.905080722779606e-11
late_growth_fraction,minimum_temperature_c_early_mean,105735,-0.004606110431449499,0.13419680700615474
late_growth_fraction,minimum_temperature_c_middle_mean,195340,0.040815610654955516,8.360185339408846e-73
late_growth_fraction,minimum_temperature_c_late_mean,105735,-0.002507461422770649,0.414877241145307
late_growth_fraction,vpd_kpa_early_mean,105735,-0.0522108851474463,9.947437461116279e-65
late_growth_fraction,vpd_kpa_middle_mean,195340,0.038214565064217436,4.825987108263481e-64
late_growth_fraction,vpd_kpa_late_mean,105735,-0.05642593320225857,2.6279544759878305e-75
late_growth_fraction,wind_speed_m_s_early_mean,105735,-0.037677954135040666,1.5617386652436648e-34
late_growth_fraction,wind_speed_m_s_middle_mean,195340,0.01957469551553308,5.0490557054453e-18
late_growth_fraction,wind_speed_m_s_late_mean,105735,-0.015684127512238653,3.3920806166503875e-07
late_growth_fraction,fuel_moisture_1000hr_pct_early_mean,105735,0.05042073637069283,1.746524872031022e-60
late_growth_fraction,fuel_moisture_1000hr_pct_middle_mean,195340,-0.009227447267940019,4.535803379500206e-05
late_growth_fraction,fuel_moisture_1000hr_pct_late_mean,105735,0.07585803630422013,1.017830702991071e-134
late_growth_fraction,energy_release_component_early_mean,105735,-0.05755217758443903,2.8458795884581224e-78
late_growth_fraction,energy_release_component_middle_mean,195340,0.009143745890901675,5.3145267072007406e-05
late_growth_fraction,energy_release_component_late_mean,105735,-0.07937333164909685,2.4176134925491136e-147
late_growth_fraction,precipitation_mm_early_mean,105735,-0.06578546293370705,9.820264814703597e-102
late_growth_fraction,precipitation_mm_middle_mean,195340,0.0490974947814785,1.5558990034258393e-104
late_growth_fraction,precipitation_mm_late_mean,105735,-0.0388169532440803,1.5048283924779792e-36
terminal_taper_fraction,mean_maximum_temperature_c,237235,-0.01503865586081216,2.3850714623907035e-13
terminal_taper_fraction,mean_minimum_temperature_c,237235,-0.0048136168407979215,0.0190496072478952
terminal_taper_fraction,mean_vpd_kpa,237235,-0.052560435620961174,9.598229520982992e-145
terminal_taper_fraction,mean_wind_speed_m_s,237235,-0.06078844938724561,5.239372838937727e-193
terminal_taper_fraction,max_vpd_kpa,237235,-0.22417499926984577,0.0
terminal_taper_fraction,mean_precipitation_mm,237235,-0.2231231128768922,0.0
terminal_taper_fraction,mean_maximum_relative_humidity_pct,237235,0.08235026840755902,0.0
terminal_taper_fraction,mean_minimum_relative_humidity_pct,237235,0.0384842912103897,1.8890011444002667e-78
terminal_taper_fraction,mean_specific_humidity_kg_kg,237235,0.006429000732403625,0.001739899400311657
terminal_taper_fraction,mean_fuel_moisture_100hr_pct,237235,0.05539582659785225,1.395837989037589e-160
terminal_taper_fraction,mean_fuel_moisture_1000hr_pct,237235,0.04005050684485467,8.180962069313056e-85
terminal_taper_fraction,mean_energy_release_component,237235,-0.04734722969624279,8.423167814723347e-118
terminal_taper_fraction,mean_burning_index,237235,-0.019450338528087408,2.6809513814984338e-21
terminal_taper_fraction,mean_reference_evapotranspiration_mm,237235,-0.061336886834057754,1.7870254216971079e-196
terminal_taper_fraction,mean_potential_evapotranspiration_mm,237235,-0.05427752837850548,3.096350466694553e-154
terminal_taper_fraction,mean_solar_radiation_w_m2,237235,-0.035183950297661665,7.189798229734603e-66
terminal_taper_fraction,mean_maximum_temperature_region_month_anomaly_c,237235,-0.04043891663142809,1.9748329603606877e-86
terminal_taper_fraction,mean_minimum_temperature_region_month_anomaly_c,237235,-0.03844882537004822,2.6145433220420406e-78
terminal_taper_fraction,mean_vpd_region_month_anomaly_kpa,237235,-0.06971614679749007,2.4110351262255906e-253
terminal_taper_fraction,mean_wind_region_month_anomaly_m_s,237235,-0.03341078195717722,1.419411627976879e-59
terminal_taper_fraction,mean_precipitation_mm_region_month_anomaly,237235,-0.22319936052493428,0.0
terminal_taper_fraction,mean_fuel_moisture_1000hr_pct_region_month_anomaly,237235,0.053848324941044155,7.797943462482533e-152
terminal_taper_fraction,mean_energy_release_component_region_month_anomaly,237235,-0.052699404609465164,1.6803832797933446e-145
terminal_taper_fraction,mean_burning_index_region_month_anomaly,237235,0.010318145658987877,5.014861882106528e-07
terminal_taper_fraction,hot_day_fraction,237235,-0.08204301042802564,0.0
terminal_taper_fraction,high_vpd_day_fraction,237235,-0.11953968818091826,0.0
terminal_taper_fraction,windy_day_fraction,237235,-0.18908709645116334,0.0
terminal_taper_fraction,wet_day_fraction,237235,-0.15549537218770126,0.0
terminal_taper_fraction,dry_1000hr_fuel_day_fraction,237235,-0.0791446479099315,0.0
terminal_taper_fraction,high_erc_day_fraction,237235,-0.09712330804808987,0.0
terminal_taper_fraction,maximum_temperature_c_early_mean,105735,0.003666695707715668,0.23314897575903437
terminal_taper_fraction,maximum_temperature_c_middle_mean,195340,-0.03246144748527795,1.0536344640754657e-46
terminal_taper_fraction,maximum_temperature_c_late_mean,105735,0.005871091048283495,0.05625025249573127
terminal_taper_fraction,minimum_temperature_c_early_mean,105735,0.016879538044200785,4.041429010799385e-08
terminal_taper_fraction,minimum_temperature_c_middle_mean,195340,-0.018084393127504858,1.3125326206676433e-15
terminal_taper_fraction,minimum_temperature_c_late_mean,105735,0.021879903774638894,1.1155789019257655e-12
terminal_taper_fraction,vpd_kpa_early_mean,105735,-0.0421342047169578,9.26121841433728e-43
terminal_taper_fraction,vpd_kpa_middle_mean,195340,-0.051439930072639424,1.4360521215358136e-114
terminal_taper_fraction,vpd_kpa_late_mean,105735,-0.04522730026417723,5.250883195777886e-49
terminal_taper_fraction,wind_speed_m_s_early_mean,105735,-0.06089252929567905,2.0603416528434116e-87
terminal_taper_fraction,wind_speed_m_s_middle_mean,195340,-0.03135095880523723,1.1130743031990128e-43
terminal_taper_fraction,wind_speed_m_s_late_mean,105735,-0.04434467967169336,3.527809587373987e-47
terminal_taper_fraction,fuel_moisture_1000hr_pct_early_mean,105735,0.05975074472072152,3.1356402063644114e-84
terminal_taper_fraction,fuel_moisture_1000hr_pct_middle_mean,195340,0.04620887263281073,8.363796506699332e-93
terminal_taper_fraction,fuel_moisture_1000hr_pct_late_mean,105735,0.08676318500072176,9.13018879121856e-176
terminal_taper_fraction,energy_release_component_early_mean,105735,-0.06605754748145662,1.455879942052612e-102
terminal_taper_fraction,energy_release_component_middle_mean,195340,-0.050941365644448046,2.1488063424582655e-112
terminal_taper_fraction,energy_release_component_late_mean,105735,-0.08903191271179844,5.2598126364969776e-185
terminal_taper_fraction,precipitation_mm_early_mean,105735,-0.09761139260249133,3.909260884418039e-222
terminal_taper_fraction,precipitation_mm_middle_mean,195340,-0.05401836148731036,3.714479634696084e-126
terminal_taper_fraction,precipitation_mm_late_mean,105735,-0.08343200538917643,1.2285864949885964e-162
growth_entropy,mean_maximum_temperature_c,237235,0.03850129299857788,1.6162721287678905e-78
growth_entropy,mean_minimum_temperature_c,237235,0.03358964506456024,3.402266495417658e-60
growth_entropy,mean_vpd_kpa,237235,0.051978086577529566,1.3542575294243535e-141
growth_entropy,mean_wind_speed_m_s,237235,0.02964503724126784,2.8057484703724477e-47
growth_entropy,max_vpd_kpa,237235,0.22895535071506398,0.0
growth_entropy,mean_precipitation_mm,237235,0.21423256982299616,0.0
growth_entropy,mean_maximum_relative_humidity_pct,237235,-0.04463323007697694,6.888240485209018e-105
growth_entropy,mean_minimum_relative_humidity_pct,237235,0.003978765123486318,0.05263229246077709
growth_entropy,mean_specific_humidity_kg_kg,237235,0.044274906069293164,3.06188141413375e-103
growth_entropy,mean_fuel_moisture_100hr_pct,237235,-0.01230382722518154,2.060140077584685e-09
growth_entropy,mean_fuel_moisture_1000hr_pct,237235,-0.005380743858167855,0.008772576661993367
growth_entropy,mean_energy_release_component,237235,0.009413974460267514,4.532897812783778e-06
growth_entropy,mean_burning_index,237235,-0.03451467101032758,1.8662199247094757e-63
growth_entropy,mean_reference_evapotranspiration_mm,237235,0.043007598960465014,1.6129900149068636e-97
growth_entropy,mean_potential_evapotranspiration_mm,237235,0.04174880660179549,5.326983786981929e-92
growth_entropy,mean_solar_radiation_w_m2,237235,0.020538077934542955,1.4571672637791434e-23
growth_entropy,mean_maximum_temperature_region_month_anomaly_c,237235,0.03683210873854133,5.182807567205271e-72
growth_entropy,mean_minimum_temperature_region_month_anomaly_c,237235,0.02988217696994261,5.2093502420330564e-48
growth_entropy,mean_vpd_region_month_anomaly_kpa,237235,0.04993763214633015,7.755377596475779e-131
growth_entropy,mean_wind_region_month_anomaly_m_s,237235,0.023645302408060793,1.0655423560908248e-30
growth_entropy,mean_precipitation_mm_region_month_anomaly,237235,0.2137816049381466,0.0
growth_entropy,mean_fuel_moisture_1000hr_pct_region_month_anomaly,237235,-0.017780681981825315,4.6749636726437355e-18
growth_entropy,mean_energy_release_component_region_month_anomaly,237235,0.017204411125133597,5.2797470144700585e-17
growth_entropy,mean_burning_index_region_month_anomaly,237235,-0.045618896910349364,1.7244685604159808e-109
growth_entropy,hot_day_fraction,237235,0.0792606976940257,0.0
growth_entropy,high_vpd_day_fraction,237235,0.08259572111473669,0.0
growth_entropy,windy_day_fraction,237235,0.13951579360533284,0.0
growth_entropy,wet_day_fraction,237235,0.15464185013000672,0.0
growth_entropy,dry_1000hr_fuel_day_fraction,237235,0.016034102532906266,5.711759526179196e-15
growth_entropy,high_erc_day_fraction,237235,0.0339559211874132,1.7830011081307384e-61
growth_entropy,maximum_temperature_c_early_mean,105735,0.05750044659589351,3.905794402474974e-78
growth_entropy,maximum_temperature_c_middle_mean,195340,0.055875451121584346,7.455026423047032e-135
growth_entropy,maximum_temperature_c_late_mean,105735,0.06009720368903689,3.443926031704119e-85
growth_entropy,minimum_temperature_c_early_mean,105735,0.07385327594627442,8.894082447578979e-128
growth_entropy,minimum_temperature_c_middle_mean,195340,0.050691896728930534,2.5856105021436412e-111
growth_entropy,minimum_temperature_c_late_mean,105735,0.07547356413119065,2.256433829518396e-133
growth_entropy,vpd_kpa_early_mean,105735,-0.0015210125999732438,0.6208960090994716
growth_entropy,vpd_kpa_middle_mean,195340,0.04623329845815868,6.701826174578828e-93
growth_entropy,vpd_kpa_late_mean,105735,0.002426079114786233,0.4301833109263481
growth_entropy,wind_speed_m_s_early_mean,105735,-0.10012868972982605,1.0954466025708704e-233
growth_entropy,wind_speed_m_s_middle_mean,195340,0.0104763470110411,3.6503339889821763e-06
growth_entropy,wind_speed_m_s_late_mean,105735,-0.081585160082659,1.3940273381195844e-155
growth_entropy,fuel_moisture_1000hr_pct_early_mean,105735,0.06809116752838344,7.213385342026557e-109
growth_entropy,fuel_moisture_1000hr_pct_middle_mean,195340,-0.007077382930275352,0.0017598206372724738
growth_entropy,fuel_moisture_1000hr_pct_late_mean,105735,0.07972797975623568,1.1959397942153544e-148
growth_entropy,energy_release_component_early_mean,105735,-0.07136310873788351,2.043910285174254e-119
growth_entropy,energy_release_component_middle_mean,195340,0.00891094052769579,8.201078548920738e-05
growth_entropy,energy_release_component_late_mean,105735,-0.0806767314260698,3.596427670743307e-152
growth_entropy,precipitation_mm_early_mean,105735,-0.057256163975417995,1.735010923961619e-77
growth_entropy,precipitation_mm_middle_mean,195340,0.04327310501092296,1.3062990363037672e-81
growth_entropy,precipitation_mm_late_mean,105735,-0.04581622730306845,3.0273187213108906e-50
pulse_count,mean_maximum_temperature_c,237235,0.024601081075329656,4.3026680142555205e-33
pulse_count,mean_minimum_temperature_c,237235,0.03341630170653861,1.3583566779529944e-59
pulse_count,mean_vpd_kpa,237235,0.02616978066236721,3.1750643576136054e-37
pulse_count,mean_wind_speed_m_s,237235,0.012366004983455173,1.7091647927461223e-09
pulse_count,max_vpd_kpa,237235,0.1429824197008752,0.0
pulse_count,mean_precipitation_mm,237235,0.18420792821947835,0.0
pulse_count,mean_maximum_relative_humidity_pct,237235,-0.011792879655964409,9.241067622941318e-09
pulse_count,mean_minimum_relative_humidity_pct,237235,0.0207103502639404,6.219199698241733e-24
pulse_count,mean_specific_humidity_kg_kg,237235,0.04211840105352482,1.3276135151580381e-93
pulse_count,mean_fuel_moisture_100hr_pct,237235,0.004577163505107589,0.02578805395055864
pulse_count,mean_fuel_moisture_1000hr_pct,237235,0.006362714892194111,0.0019411715116779797
pulse_count,mean_energy_release_component,237235,-0.00672587304010779,0.0010529762604821113
pulse_count,mean_burning_index,237235,-0.02628840221576112,1.5101961660969192e-37
pulse_count,mean_reference_evapotranspiration_mm,237235,0.016857130053552178,2.1916278818473894e-16
pulse_count,mean_potential_evapotranspiration_mm,237235,0.01793538468049939,2.406477982855162e-18
pulse_count,mean_solar_radiation_w_m2,237235,0.007612768192104252,0.00020892895492711282
pulse_count,mean_maximum_temperature_region_month_anomaly_c,237235,0.01414887831086583,5.5102008060147244e-12
pulse_count,mean_minimum_temperature_region_month_anomaly_c,237235,0.0212678944749673,3.7687237507199623e-25
pulse_count,mean_vpd_region_month_anomaly_kpa,237235,0.02270730471613122,1.9313826584938769e-28
pulse_count,mean_wind_region_month_anomaly_m_s,237235,0.013331842134979375,8.37174182737063e-11
pulse_count,mean_precipitation_mm_region_month_anomaly,237235,0.18353135026256948,0.0
pulse_count,mean_fuel_moisture_1000hr_pct_region_month_anomaly,237235,-0.014542161067005155,1.4070564662663507e-12
pulse_count,mean_energy_release_component_region_month_anomaly,237235,0.009598156049405858,2.9390294543741875e-06
pulse_count,mean_burning_index_region_month_anomaly,237235,-0.029624171249446128,3.2517427869277543e-47
pulse_count,hot_day_fraction,237235,0.052822008677543074,3.598160553033651e-146
pulse_count,high_vpd_day_fraction,237235,0.05726404051157712,1.7928738944345674e-171
pulse_count,windy_day_fraction,237235,0.11629829697141629,0.0
pulse_count,wet_day_fraction,237235,0.13163657306099552,0.0
pulse_count,dry_1000hr_fuel_day_fraction,237235,0.022156005232097875,3.7249996872123985e-27
pulse_count,high_erc_day_fraction,237235,0.030071417905554242,1.3460918472753595e-48
pulse_count,maximum_temperature_c_early_mean,105735,0.025769712950777162,5.2565057104217833e-17
pulse_count,maximum_temperature_c_middle_mean,195340,0.032212459553749635,5.125787871970131e-46
pulse_count,maximum_temperature_c_late_mean,105735,0.01913287257806216,4.911182931737322e-10
pulse_count,minimum_temperature_c_early_mean,105735,0.045493494579670384,1.4524563311113114e-49
pulse_count,minimum_temperature_c_middle_mean,195340,0.04003126253390935,4.2145510509875727e-70
pulse_count,minimum_temperature_c_late_mean,105735,0.03484275517770362,8.9966040724128e-30
pulse_count,vpd_kpa_early_mean,105735,0.013015600850001521,2.312091144317431e-05
pulse_count,vpd_kpa_middle_mean,195340,0.023634071547018055,1.5121727939799224e-25
pulse_count,vpd_kpa_late_mean,105735,0.014588118390435308,2.0974291833024942e-06
pulse_count,wind_speed_m_s_early_mean,105735,-0.0018882861671417207,0.5392115171702905
pulse_count,wind_speed_m_s_middle_mean,195340,0.006577503560130702,0.003648072491889779
pulse_count,wind_speed_m_s_late_mean,105735,0.0024673406910105922,0.42238239065453564
pulse_count,fuel_moisture_1000hr_pct_early_mean,105735,0.03200029181115083,2.278379718630484e-25
pulse_count,fuel_moisture_1000hr_pct_middle_mean,195340,0.004079498392690378,0.07138452497336727
pulse_count,fuel_moisture_1000hr_pct_late_mean,105735,0.008377305147174156,0.0064485358140261816
pulse_count,energy_release_component_early_mean,105735,-0.03159709047480479,8.961357551977298e-25
pulse_count,energy_release_component_middle_mean,195340,-0.007817820757905155,0.0005496906077605546
pulse_count,energy_release_component_late_mean,105735,-0.015206808016563654,7.613884688773503e-07
pulse_count,precipitation_mm_early_mean,105735,0.13025293816299408,0.0
pulse_count,precipitation_mm_middle_mean,195340,0.08664930681910607,0.0
pulse_count,precipitation_mm_late_mean,105735,0.13412273380067993,0.0
reactivation_count,mean_maximum_temperature_c,237235,0.024601081075329656,4.3026680142555205e-33
reactivation_count,mean_minimum_temperature_c,237235,0.03341630170653861,1.3583566779529944e-59
reactivation_count,mean_vpd_kpa,237235,0.02616978066236721,3.1750643576136054e-37
reactivation_count,mean_wind_speed_m_s,237235,0.012366004983455173,1.7091647927461223e-09
reactivation_count,max_vpd_kpa,237235,0.1429824197008752,0.0
reactivation_count,mean_precipitation_mm,237235,0.18420792821947835,0.0
reactivation_count,mean_maximum_relative_humidity_pct,237235,-0.011792879655964409,9.241067622941318e-09
reactivation_count,mean_minimum_relative_humidity_pct,237235,0.0207103502639404,6.219199698241733e-24
reactivation_count,mean_specific_humidity_kg_kg,237235,0.04211840105352482,1.3276135151580381e-93
reactivation_count,mean_fuel_moisture_100hr_pct,237235,0.004577163505107589,0.02578805395055864
reactivation_count,mean_fuel_moisture_1000hr_pct,237235,0.006362714892194111,0.0019411715116779797
reactivation_count,mean_energy_release_component,237235,-0.00672587304010779,0.0010529762604821113
reactivation_count,mean_burning_index,237235,-0.02628840221576112,1.5101961660969192e-37
reactivation_count,mean_reference_evapotranspiration_mm,237235,0.016857130053552178,2.1916278818473894e-16
reactivation_count,mean_potential_evapotranspiration_mm,237235,0.01793538468049939,2.406477982855162e-18
reactivation_count,mean_solar_radiation_w_m2,237235,0.007612768192104252,0.00020892895492711282
reactivation_count,mean_maximum_temperature_region_month_anomaly_c,237235,0.01414887831086583,5.5102008060147244e-12
reactivation_count,mean_minimum_temperature_region_month_anomaly_c,237235,0.0212678944749673,3.7687237507199623e-25
reactivation_count,mean_vpd_region_month_anomaly_kpa,237235,0.02270730471613122,1.9313826584938769e-28
reactivation_count,mean_wind_region_month_anomaly_m_s,237235,0.013331842134979375,8.37174182737063e-11
reactivation_count,mean_precipitation_mm_region_month_anomaly,237235,0.18353135026256948,0.0
reactivation_count,mean_fuel_moisture_1000hr_pct_region_month_anomaly,237235,-0.014542161067005155,1.4070564662663507e-12
reactivation_count,mean_energy_release_component_region_month_anomaly,237235,0.009598156049405858,2.9390294543741875e-06
reactivation_count,mean_burning_index_region_month_anomaly,237235,-0.029624171249446128,3.2517427869277543e-47
reactivation_count,hot_day_fraction,237235,0.052822008677543074,3.598160553033651e-146
reactivation_count,high_vpd_day_fraction,237235,0.05726404051157712,1.7928738944345674e-171
reactivation_count,windy_day_fraction,237235,0.11629829697141629,0.0
reactivation_count,wet_day_fraction,237235,0.13163657306099552,0.0
reactivation_count,dry_1000hr_fuel_day_fraction,237235,0.022156005232097875,3.7249996872123985e-27
reactivation_count,high_erc_day_fraction,237235,0.030071417905554242,1.3460918472753595e-48
reactivation_count,maximum_temperature_c_early_mean,105735,0.025769712950777162,5.2565057104217833e-17
reactivation_count,maximum_temperature_c_middle_mean,195340,0.032212459553749635,5.125787871970131e-46
reactivation_count,maximum_temperature_c_late_mean,105735,0.01913287257806216,4.911182931737322e-10
reactivation_count,minimum_temperature_c_early_mean,105735,0.045493494579670384,1.4524563311113114e-49
reactivation_count,minimum_temperature_c_middle_mean,195340,0.04003126253390935,4.2145510509875727e-70
reactivation_count,minimum_temperature_c_late_mean,105735,0.03484275517770362,8.9966040724128e-30
reactivation_count,vpd_kpa_early_mean,105735,0.013015600850001521,2.312091144317431e-05
reactivation_count,vpd_kpa_middle_mean,195340,0.023634071547018055,1.5121727939799224e-25
reactivation_count,vpd_kpa_late_mean,105735,0.014588118390435308,2.0974291833024942e-06
reactivation_count,wind_speed_m_s_early_mean,105735,-0.0018882861671417207,0.5392115171702905
reactivation_count,wind_speed_m_s_middle_mean,195340,0.006577503560130702,0.003648072491889779
reactivation_count,wind_speed_m_s_late_mean,105735,0.0024673406910105922,0.42238239065453564
reactivation_count,fuel_moisture_1000hr_pct_early_mean,105735,0.03200029181115083,2.278379718630484e-25
reactivation_count,fuel_moisture_1000hr_pct_middle_mean,195340,0.004079498392690378,0.07138452497336727
reactivation_count,fuel_moisture_1000hr_pct_late_mean,105735,0.008377305147174156,0.0064485358140261816
reactivation_count,energy_release_component_early_mean,105735,-0.03159709047480479,8.961357551977298e-25
reactivation_count,energy_release_component_middle_mean,195340,-0.007817820757905155,0.0005496906077605546
reactivation_count,energy_release_component_late_mean,105735,-0.015206808016563654,7.613884688773503e-07
reactivation_count,precipitation_mm_early_mean,105735,0.13025293816299408,0.0
reactivation_count,precipitation_mm_middle_mean,195340,0.08664930681910607,0.0
reactivation_count,precipitation_mm_late_mean,105735,0.13412273380067993,0.0
peak_timing,mean_maximum_temperature_c,237235,0.007601634182480619,0.00021344757702497537
peak_timing,mean_minimum_temperature_c,237235,0.008872301870445201,1.549900022995041e-05
peak_timing,mean_vpd_kpa,237235,0.02827658970017222,3.5890521973869494e-43
peak_timing,mean_wind_speed_m_s,237235,0.055765240600063444,1.047096125056886e-162
peak_timing,max_vpd_kpa,237235,0.1888693819189642,0.0
peak_timing,mean_precipitation_mm,237235,0.21927233328826362,0.0
peak_timing,mean_maximum_relative_humidity_pct,237235,-0.05072128389885565,6.441704970621728e-135
peak_timing,mean_minimum_relative_humidity_pct,237235,-0.002760000578968652,0.17885050071043407
peak_timing,mean_specific_humidity_kg_kg,237235,0.011011709737880218,8.158708890735203e-08
peak_timing,mean_fuel_moisture_100hr_pct,237235,-0.01972861351768299,7.250945951329137e-22
peak_timing,mean_fuel_moisture_1000hr_pct,237235,-0.012947900578294516,2.849812972925654e-10
peak_timing,mean_energy_release_component,237235,0.013645998337107926,2.995331248732894e-11
peak_timing,mean_burning_index,237235,-0.012475003975858408,1.2292851147351424e-09
peak_timing,mean_reference_evapotranspiration_mm,237235,0.033690857709035515,1.511049814103284e-60
peak_timing,mean_potential_evapotranspiration_mm,237235,0.028683753274565876,2.2549174498765673e-44
peak_timing,mean_solar_radiation_w_m2,237235,0.009492704568932166,3.7700925958087844e-06
peak_timing,mean_maximum_temperature_region_month_anomaly_c,237235,0.025796943125648775,3.21132282347786e-36
peak_timing,mean_minimum_temperature_region_month_anomaly_c,237235,0.03306081904907745,2.2716065179837024e-58
peak_timing,mean_vpd_region_month_anomaly_kpa,237235,0.04431274471941087,2.0540026639211102e-103
peak_timing,mean_wind_region_month_anomaly_m_s,237235,0.03430337241659495,1.0557942262627757e-62
peak_timing,mean_precipitation_mm_region_month_anomaly,237235,0.21928174562609754,0.0
peak_timing,mean_fuel_moisture_1000hr_pct_region_month_anomaly,237235,-0.032896875804757766,8.243748746567987e-58
peak_timing,mean_energy_release_component_region_month_anomaly,237235,0.025888726042566493,1.822298370538252e-36
peak_timing,mean_burning_index_region_month_anomaly,237235,-0.029430200426050487,1.2751070509627348e-46
peak_timing,hot_day_fraction,237235,0.060946907228235855,5.257090781681016e-194
peak_timing,high_vpd_day_fraction,237235,0.08192013611679207,0.0
peak_timing,windy_day_fraction,237235,0.1705627987596668,0.0
peak_timing,wet_day_fraction,237235,0.15729332850827604,0.0
peak_timing,dry_1000hr_fuel_day_fraction,237235,0.038061056053683935,8.960958877816603e-77
peak_timing,high_erc_day_fraction,237235,0.05364826732956386,1.0107577952139459e-150
peak_timing,maximum_temperature_c_early_mean,105735,-0.016986636620205005,3.316241566378474e-08
peak_timing,maximum_temperature_c_middle_mean,195340,0.02776990769876316,1.2212693202522412e-34
peak_timing,maximum_temperature_c_late_mean,105735,-0.03233349531240181,7.253174491467633e-26
peak_timing,minimum_temperature_c_early_mean,105735,-0.005658400183858386,0.06577846181645619
peak_timing,minimum_temperature_c_middle_mean,195340,0.024329571318191,5.641912268334951e-27
peak_timing,minimum_temperature_c_late_mean,105735,-0.021049063575536715,7.6377488580875e-12
peak_timing,vpd_kpa_early_mean,105735,-0.01550692518047335,4.592058735462572e-07
peak_timing,vpd_kpa_middle_mean,195340,0.031835297546171,5.502011317214241e-45
peak_timing,vpd_kpa_late_mean,105735,-0.027829086075136178,1.4191549356336206e-19
peak_timing,wind_speed_m_s_early_mean,105735,0.034912081015159316,6.951277191071832e-30
peak_timing,wind_speed_m_s_middle_mean,195340,0.028903752312573736,2.196691971350565e-37
peak_timing,wind_speed_m_s_late_mean,105735,0.036699764581500434,7.544570243208286e-33
peak_timing,fuel_moisture_1000hr_pct_early_mean,105735,0.012040105881414607,9.034163618279261e-05
peak_timing,fuel_moisture_1000hr_pct_middle_mean,195340,-0.021777678993933805,6.19654887996047e-22
peak_timing,fuel_moisture_1000hr_pct_late_mean,105735,0.0066203451979818416,0.03133987267473995
peak_timing,energy_release_component_early_mean,105735,-0.01778248795402351,7.350847824950557e-09
peak_timing,energy_release_component_middle_mean,195340,0.020312707996159335,2.743977062983802e-19
peak_timing,energy_release_component_late_mean,105735,-0.010967009381001794,0.00036219693546545083
peak_timing,precipitation_mm_early_mean,105735,0.07496803318968855,1.295430058275262e-131
peak_timing,precipitation_mm_middle_mean,195340,0.05912212742877328,9.090205969005944e-151
peak_timing,precipitation_mm_late_mean,105735,0.05131606980758085,1.3734231151529268e-62
duration_days,mean_maximum_temperature_c,237235,0.025251572465603465,8.932326249969004e-35
duration_days,mean_minimum_temperature_c,237235,0.028832129525645685,8.145619060816664e-45
duration_days,mean_vpd_kpa,237235,0.04498274306523862,1.6517885997127181e-106
duration_days,mean_wind_speed_m_s,237235,0.05437664430351908,8.583012352940958e-155
duration_days,max_vpd_kpa,237235,0.2683791883754844,0.0
duration_days,mean_precipitation_mm,237235,0.29823903113222416,0.0
duration_days,mean_maximum_relative_humidity_pct,237235,-0.05723292087577544,2.7411969657302586e-171
duration_days,mean_minimum_relative_humidity_pct,237235,0.011157541667213649,5.4913545183330324e-08
duration_days,mean_specific_humidity_kg_kg,237235,0.038749109077620754,1.652274669716695e-79
duration_days,mean_fuel_moisture_100hr_pct,237235,-0.01288557810560414,3.4655307935298804e-10
duration_days,mean_fuel_moisture_1000hr_pct,237235,-0.0093358517800292,5.434690169482879e-06
duration_days,mean_energy_release_component,237235,0.008432330984344961,4.0054005969551364e-05
duration_days,mean_burning_index,237235,-0.03685658755148369,4.180512708652241e-72
duration_days,mean_reference_evapotranspiration_mm,237235,0.040800170401313486,5.98887504536544e-88
duration_days,mean_potential_evapotranspiration_mm,237235,0.03747371930944433,1.7690526285145615e-74
duration_days,mean_solar_radiation_w_m2,237235,0.01209458250018499,3.83713237844314e-09
duration_days,mean_maximum_temperature_region_month_anomaly_c,237235,0.033600791569822104,3.111719984429405e-60
duration_days,mean_minimum_temperature_region_month_anomaly_c,237235,0.0414150742878951,1.4527279499534886e-90
duration_days,mean_vpd_region_month_anomaly_kpa,237235,0.053352560803051056,4.3820902395951235e-149
duration_days,mean_wind_region_month_anomaly_m_s,237235,0.03925883268393607,1.4486789370707844e-81
duration_days,mean_precipitation_mm_region_month_anomaly,237235,0.29796511109722423,0.0
duration_days,mean_fuel_moisture_1000hr_pct_region_month_anomaly,237235,-0.03406560846830668,7.327592288829096e-62
duration_days,mean_energy_release_component_region_month_anomaly,237235,0.02420510217086348,4.3337345098658597e-32
duration_days,mean_burning_index_region_month_anomaly,237235,-0.05370207857630995,5.07892334855866e-151
duration_days,hot_day_fraction,237235,0.091253308197038,0.0
duration_days,high_vpd_day_fraction,237235,0.10723996525622481,0.0
duration_days,windy_day_fraction,237235,0.20567838939819558,0.0
duration_days,wet_day_fraction,237235,0.21515499775547442,0.0
duration_days,dry_1000hr_fuel_day_fraction,237235,0.04208907693766724,1.7815739692197656e-93
duration_days,high_erc_day_fraction,237235,0.0618070866161686,1.7974806063183927e-199
duration_days,maximum_temperature_c_early_mean,105735,0.008729663178245292,0.004530652367008294
duration_days,maximum_temperature_c_middle_mean,195340,0.04476150227453064,3.409624242053761e-87
duration_days,maximum_temperature_c_late_mean,105735,-0.008120932337196948,0.008273756059070618
duration_days,minimum_temperature_c_early_mean,105735,0.06599105352818707,2.322946518860143e-102
duration_days,minimum_temperature_c_middle_mean,195340,0.044047735629944906,1.7129526489450467e-84
duration_days,minimum_temperature_c_late_mean,105735,0.03221915182850392,1.0756864361147448e-25
duration_days,vpd_kpa_early_mean,105735,-0.03401015890604099,1.9150600519014266e-28
duration_days,vpd_kpa_middle_mean,195340,0.04010008762865401,2.453022137340464e-70
duration_days,vpd_kpa_late_mean,105735,-0.02969624442885978,4.532381542374474e-22
duration_days,wind_speed_m_s_early_mean,105735,0.013774128774884025,7.4964816988128234e-06
duration_days,wind_speed_m_s_middle_mean,195340,0.021542001434393318,1.6983892682496398e-21
duration_days,wind_speed_m_s_late_mean,105735,0.0025510283869891307,0.4068173687877761
duration_days,fuel_moisture_1000hr_pct_early_mean,105735,0.06526214650698076,3.7750517330859947e-100
duration_days,fuel_moisture_1000hr_pct_middle_mean,195340,-0.014896356581926224,4.576234144602835e-11
duration_days,fuel_moisture_1000hr_pct_late_mean,105735,0.04235355381092695,3.4528733189995937e-43
duration_days,energy_release_component_early_mean,105735,-0.09211981322869921,5.712232851829981e-198
duration_days,energy_release_component_middle_mean,195340,0.01184696760492471,1.639267485765255e-07
duration_days,energy_release_component_late_mean,105735,-0.06435806425334799,1.92699948459834e-97
duration_days,precipitation_mm_early_mean,105735,0.21009979598389117,0.0
duration_days,precipitation_mm_middle_mean,195340,0.07373526147439109,1.3872870995185958e-233
duration_days,precipitation_mm_late_mean,105735,0.1596308276133018,0.0
final_area_km2,mean_maximum_temperature_c,237235,-0.006138283065624615,0.0027918559479039383
final_area_km2,mean_minimum_temperature_c,237235,-0.017153125881630486,6.52637649719817e-17
final_area_km2,mean_vpd_kpa,237235,0.03752240682794838,1.1450292911695366e-74
final_area_km2,mean_wind_speed_m_s,237235,0.08559765040425858,0.0
final_area_km2,max_vpd_kpa,237235,0.2362107891277719,0.0
final_area_km2,mean_precipitation_mm,237235,0.253042476934706,0.0
final_area_km2,mean_maximum_relative_humidity_pct,237235,-0.0908982367227548,0.0
final_area_km2,mean_minimum_relative_humidity_pct,237235,-0.03449824715592452,2.1361277307215228e-63
final_area_km2,mean_specific_humidity_kg_kg,237235,-0.022751269901860736,1.5206583411482503e-28
final_area_km2,mean_fuel_moisture_100hr_pct,237235,-0.05209221305233589,3.2903629625579e-142
final_area_km2,mean_fuel_moisture_1000hr_pct,237235,-0.03926372179671517,1.3839204316797128e-81
final_area_km2,mean_energy_release_component,237235,0.044481941628882464,3.4314813695560065e-104
final_area_km2,mean_burning_index,237235,0.01491697181685956,3.704476689074258e-13
final_area_km2,mean_reference_evapotranspiration_mm,237235,0.05549928828985958,3.5576068004948734e-161
final_area_km2,mean_potential_evapotranspiration_mm,237235,0.04588612812530584,9.371357673006145e-111
final_area_km2,mean_solar_radiation_w_m2,237235,0.025485026933774798,2.1699649819280295e-35
final_area_km2,mean_maximum_temperature_region_month_anomaly_c,237235,0.03969290059025795,2.443676691158962e-83
final_area_km2,mean_minimum_temperature_region_month_anomaly_c,237235,0.043063766873271084,9.06903605469572e-98
final_area_km2,mean_vpd_region_month_anomaly_kpa,237235,0.06737627196270499,9.995584356288007e-237
final_area_km2,mean_wind_region_month_anomaly_m_s,237235,0.04319026682002747,2.472659025103396e-98
final_area_km2,mean_precipitation_mm_region_month_anomaly,237235,0.25334190098353926,0.0
final_area_km2,mean_fuel_moisture_1000hr_pct_region_month_anomaly,237235,-0.047646183231050986,2.8609083503560795e-119
final_area_km2,mean_energy_release_component_region_month_anomaly,237235,0.042340280692219914,1.4246614918226034e-94
final_area_km2,mean_burning_index_region_month_anomaly,237235,-0.025098498393435392,2.2431596992902175e-34
final_area_km2,hot_day_fraction,237235,0.07961081058843285,0.0
final_area_km2,high_vpd_day_fraction,237235,0.11799820589197885,0.0
final_area_km2,windy_day_fraction,237235,0.2186499468374271,0.0
final_area_km2,wet_day_fraction,237235,0.17946350672074599,0.0
final_area_km2,dry_1000hr_fuel_day_fraction,237235,0.0687189897008927,3.4184301773688634e-246
final_area_km2,high_erc_day_fraction,237235,0.09058229373225685,0.0
final_area_km2,maximum_temperature_c_early_mean,105735,-0.026693287107118796,3.913442711730684e-18
final_area_km2,maximum_temperature_c_middle_mean,195340,0.008592895295283077,0.00014594351642676945
final_area_km2,maximum_temperature_c_late_mean,105735,-0.03569256698068025,3.679698833120681e-31
final_area_km2,minimum_temperature_c_early_mean,105735,-0.03439708293126982,4.665833949288361e-29
final_area_km2,minimum_temperature_c_middle_mean,195340,-0.004828271386288235,0.032845756809956946
final_area_km2,minimum_temperature_c_late_mean,105735,-0.04500306732718522,1.5411758449471678e-48
final_area_km2,vpd_kpa_early_mean,105735,0.02474807170964299,8.385066604535455e-16
final_area_km2,vpd_kpa_middle_mean,195340,0.02962376359269121,3.484962281360925e-39
final_area_km2,vpd_kpa_late_mean,105735,0.020089141023888753,6.448597425232746e-11
final_area_km2,wind_speed_m_s_early_mean,105735,0.09174031033063501,2.3673776350549228e-196
final_area_km2,wind_speed_m_s_middle_mean,195340,0.04906439693699417,2.1400146886817763e-104
final_area_km2,wind_speed_m_s_late_mean,105735,0.07500333624700098,9.771567960063713e-132
final_area_km2,fuel_moisture_1000hr_pct_early_mean,105735,-0.05336260299307562,1.5445988937595965e-67
final_area_km2,fuel_moisture_1000hr_pct_middle_mean,195340,-0.04328269222437298,1.2041537013925123e-81
final_area_km2,fuel_moisture_1000hr_pct_late_mean,105735,-0.08152708698954109,2.309507952937134e-155
final_area_km2,energy_release_component_early_mean,105735,0.05845155401280943,1.1067044276741908e-80
final_area_km2,energy_release_component_middle_mean,195340,0.044635643883909705,1.0283232622698716e-86
final_area_km2,energy_release_component_late_mean,105735,0.0802261887946106,1.7122466531029454e-150
final_area_km2,precipitation_mm_early_mean,105735,0.1352275223121704,0.0
final_area_km2,precipitation_mm_middle_mean,195340,0.056525393537114076,5.739597943008154e-138
final_area_km2,precipitation_mm_late_mean,105735,0.11371273027289902,3.2820116847666193e-301
morph_pc1,mean_maximum_temperature_c,237235,-0.012808763582387887,4.404930180333329e-10
morph_pc1,mean_minimum_temperature_c,237235,-0.009172608066936835,7.904584044983828e-06
morph_pc1,mean_vpd_kpa,237235,-0.04077767383444391,7.452150779408575e-88
morph_pc1,mean_wind_speed_m_s,237235,-0.06445184093919061,9.241199940202562e-217
morph_pc1,max_vpd_kpa,237235,-0.24908880658655222,0.0
morph_pc1,mean_precipitation_mm,237235,-0.2713060644255985,0.0
morph_pc1,mean_maximum_relative_humidity_pct,237235,0.06639667849006463,6.125115539006873e-230
morph_pc1,mean_minimum_relative_humidity_pct,237235,0.006172594035009678,0.0026428767612606285
morph_pc1,mean_specific_humidity_kg_kg,237235,-0.01477417118978687,6.183341007855809e-13
morph_pc1,mean_fuel_moisture_100hr_pct,237235,0.026071955483107128,5.84530278318328e-37
morph_pc1,mean_fuel_moisture_1000hr_pct,237235,0.018440143131909278,2.6512733163312344e-19
morph_pc1,mean_energy_release_component,237235,-0.02079211919903081,4.1415186057723756e-24
morph_pc1,mean_burning_index,237235,0.017130978274353868,7.150644603938778e-17
morph_pc1,mean_reference_evapotranspiration_mm,237235,-0.04538714483950665,2.126162140676663e-108
morph_pc1,mean_potential_evapotranspiration_mm,237235,-0.03981465074057955,7.713796522240772e-84
morph_pc1,mean_solar_radiation_w_m2,237235,-0.01755647201915743,1.2117792373759266e-17
morph_pc1,mean_maximum_temperature_region_month_anomaly_c,237235,-0.036236692709838765,9.242756698281686e-70
morph_pc1,mean_minimum_temperature_region_month_anomaly_c,237235,-0.04008118686401699,6.104140695449747e-85
morph_pc1,mean_vpd_region_month_anomaly_kpa,237235,-0.0569860570594541,7.890339874090921e-170
morph_pc1,mean_wind_region_month_anomaly_m_s,237235,-0.03883917196042041,7.187250613374034e-80
morph_pc1,mean_precipitation_mm_region_month_anomaly,237235,-0.2712159439105362,0.0
morph_pc1,mean_fuel_moisture_1000hr_pct_region_month_anomaly,237235,0.03298628485889975,4.0848545197731815e-58
morph_pc1,mean_energy_release_component_region_month_anomaly,237235,-0.026672593663229143,1.3301378468001694e-38
morph_pc1,mean_burning_index_region_month_anomaly,237235,0.04356276012291762,5.267765121744603e-100
morph_pc1,hot_day_fraction,237235,-0.08425518920507598,0.0
morph_pc1,high_vpd_day_fraction,237235,-0.10553269285729261,0.0
morph_pc1,windy_day_fraction,237235,-0.20330573476973976,0.0
morph_pc1,wet_day_fraction,237235,-0.19464078340207683,0.0
morph_pc1,dry_1000hr_fuel_day_fraction,237235,-0.043205667457747135,2.1102757747357393e-98
morph_pc1,high_erc_day_fraction,237235,-0.06427882967851724,1.315193663365744e-215
morph_pc1,maximum_temperature_c_early_mean,105735,-0.02596831175647525,3.029566646393983e-17
morph_pc1,maximum_temperature_c_middle_mean,195340,-0.019537714119220628,5.826230964947537e-18
morph_pc1,maximum_temperature_c_late_mean,105735,-0.005704347001046412,0.06361464495657966
morph_pc1,minimum_temperature_c_early_mean,105735,-0.05316032505880336,4.859351014204576e-67
morph_pc1,minimum_temperature_c_middle_mean,195340,-0.013264367271707302,4.55371548619188e-09
morph_pc1,minimum_temperature_c_late_mean,105735,-0.028942117572176494,4.824255722398945e-21
morph_pc1,vpd_kpa_early_mean,105735,-0.008807183910448832,0.0041853076521623424
morph_pc1,vpd_kpa_middle_mean,195340,-0.026256270154666774,3.819977880307856e-31
morph_pc1,vpd_kpa_late_mean,105735,0.0025560701662943235,0.40589071054268233
morph_pc1,wind_speed_m_s_early_mean,105735,-0.01640129957132685,9.634133040529839e-08
morph_pc1,wind_speed_m_s_middle_mean,195340,-0.037276434564420736,5.0418281387094274e-61
morph_pc1,wind_speed_m_s_late_mean,105735,-0.015497260139137534,4.6681181927972127e-07
morph_pc1,fuel_moisture_1000hr_pct_early_mean,105735,-0.03644779152650581,2.0152378746419401e-32
morph_pc1,fuel_moisture_1000hr_pct_middle_mean,195340,0.022703859674640302,1.061831629383939e-23
morph_pc1,fuel_moisture_1000hr_pct_late_mean,105735,-0.01401972148515258,5.140962363913213e-06
morph_pc1,energy_release_component_early_mean,105735,0.04445783733156424,2.0665164740102614e-47
morph_pc1,energy_release_component_middle_mean,195340,-0.02148915168864363,2.1261342147299343e-21
morph_pc1,energy_release_component_late_mean,105735,0.025541258619003183,9.857697045966589e-17
morph_pc1,precipitation_mm_early_mean,105735,-0.16080277720473438,0.0
morph_pc1,precipitation_mm_middle_mean,195340,-0.06143448274783428,1.1863585075378165e-162
morph_pc1,precipitation_mm_late_mean,105735,-0.12769081968993803,0.0
